{
	"miniprogramRoot": "dist/",
	"projectname": "Lvyouju_ACT",
	"description": "旅游局活动",
	"appid": "wx940e9f29a5a2cb5b",
	"setting": {
		"urlCheck": false,
		"es6": false,
		"postcss": false,
		"minified": false,
		"newFeature": true,
		"coverView": true,
		"autoAudits": false,
		"checkInvalidKey": true,
		"checkSiteMap": true,
		"uploadWithSourceMap": true,
		"babelSetting": {
			"ignore": [],
			"disablePlugins": [],
			"outputPath": ""
		}
	},
	"compileType": "miniprogram",
	"simulatorType": "wechat",
	"simulatorPluginLibVersion": {},
	"condition": {
		"search": {
			"current": -1,
			"list": []
		},
		"conversation": {
			"current": -1,
			"list": []
		},
		"plugin": {
			"current": -1,
			"list": []
		},
		"game": {
			"list": []
		},
		"miniprogram": {
			"current": 7,
			"list": [
				{
					"id": -1,
					"name": "pages/actives/index",
					"pathName": "pages/actives/index",
					"query": "",
					"scene": null
				},
				{
					"id": -1,
					"name": "pages/checkList/index",
					"pathName": "pages/checkList/index",
					"query": "",
					"scene": null
				},
				{
					"id": -1,
					"name": "pages/setInList/index",
					"pathName": "pages/setInList/index",
					"query": "",
					"scene": null
				},
				{
					"id": -1,
					"name": "pages/createAct/index",
					"pathName": "pages/createAct/index",
					"query": "",
					"scene": null
				},
				{
					"id": -1,
					"name": "pages/createAct/index",
					"pathName": "pages/createAct/index",
					"query": "",
					"scene": null
				},
				{
					"id": -1,
					"name": "pages/choiceLocation/index",
					"pathName": "pages/choiceLocation/index",
					"query": "",
					"scene": null
				},
				{
					"id": -1,
					"name": "pages/choiceLocation/index",
					"pathName": "pages/choiceLocation/index",
					"query": "",
					"scene": null
				},
				{
					"id": -1,
					"name": "pages/addProcess/index",
					"pathName": "pages/addProcess/index",
					"scene": null
				}
			]
		}
	}
}